{
    "rmse": 0.7266078816726644,
    "mae": 0.5828131501310259,
    "R2": 0.192112807965079
}